<mujoco model="go1 feet only scene">
  <include file="go1_mjx_feetonly.xml"/>

  <statistic center="0 0 0.1" extent="0.8" meansize="0.04"/>

  <visual>
    <rgba force="1 0 0 1"/>
    <global azimuth="120" elevation="-20"/>
    <map force="0.01"/>
    <scale forcewidth="0.3" contactwidth="0.5" contactheight="0.2"/>
    <quality shadowsize="8192"/>
  </visual>

  <asset>
    <texture type="skybox" builtin="gradient" rgb1="1 1 1" rgb2="1 1 1" width="800" height="800"/>
    <texture type="2d" name="groundplane" file="assets/rocky_texture.png"/>
    <material name="groundplane" texture="groundplane" texuniform="true" texrepeat="5 5" reflectance=".8"/>
    <hfield name="terrain" ncol="201" nrow="201" size="30 30 5 .1"/>
  </asset>

  <worldbody>
    <camera name="global"  pos="-5 5 5" xyaxes="-1 -1 0 1 0 1" mode="trackcom"/>
    <geom name="floor" type="hfield" hfield="terrain" material="groundplane" pos="0 0 -.01"/>
  </worldbody>

  <keyframe>
    <key name="home" qpos="0 0 0.35 1 0 0 0 0 0.9 -1.8 0 0.9 -1.8 0 0.9 -1.8 0 0.9 -1.8"
      ctrl="0 0.9 -1.8 0 0.9 -1.8 0 0.9 -1.8 0 0.9 -1.8"/>
    <key name="home_higher"
    qpos="0 0 0.35 1 0 0 0 0 0.82 -1.63 0 0.82 -1.63 0 0.82 -1.63 0 0.82 -1.63"
    ctrl="0 0.82 -1.63 0 0.82 -1.63 0 0.82 -1.63 0 0.82 -1.63"/>
  </keyframe>
</mujoco>
